Roll No,Name,Gender,Department,Semester,Subject 1,Subject 2,Subject 3,Subject 4,Attendance
1,Student_1,Male,Computer Science,Semester 1,100,62,73,92,96
1,Student_1,Male,Computer Science,Semester 1,100,62,73,92,96
2,Student_2,Female,Information Technology,Semester 2,72,97,82,,78
3,Student_3,Male,Electronics & Communication,Semester 1,100,88,71,99,-94
4,Student_4,Female,Computer Science,Semester 3,72,99,,84,86
5,Student_5,Female,Information Technology,Semester 4,96,79,84,57,99
6,Student_6,Male,Information Technology,Semester 4,89,73,86,62,92
7,Student_7,Male,Information Technology,Semester 4,55,64,56,74,78
8,Student_8,Male,Electronics & Communication,Semester 1,72,63,92,67,92
9,Student_9,Female,Information Technology,Semester 3,60,84,96,65,75
10,Student_10,Male,Computer Science,Semester 4,94,85,64,93,80
11,Student_11,Female,Electronics & Communication,Semester 1,52,70,75,67,72
12,Student_12,Male,Electronics & Communication,Semester 4,70,63,91,81,82
13,Student_13,Female,Information Technology,Semester 1,58,65,97,85,87
14,Student_14,Male,Information Technology,Semester 4,75,73,64,58,86
15,Student_15,Male,Electronics & Communication,Semester 4,59,90,60,100,91
16,Student_16,Male,Computer Science,Semester 2,79,83,66,85,97
17,Student_17,Female,Information Technology,Semester 1,84,98,67,99,90
18,Student_18,Male,Computer Science,Semester 1,50,96,96,66,86
19,Student_19,Female,Information Technology,Semester 1,90,69,90,82,89
20,Student_20,Male,Computer Science,Semester 1,99,83,50,88,80
21,Student_21,Male,Computer Science,Semester 2,69,65,53,65,98
22,Student_22,Female,Computer Science,Semester 3,54,98,84,99,74
23,Student_23,Male,Information Technology,Semester 3,66,83,88,77,100
24,Student_24,Male,Information Technology,Semester 3,62,95,69,75,91
25,Student_25,Female,Information Technology,Semester 3,57,65,64,54,80
26,Student_26,Male,Information Technology,Semester 3,50,54,95,90,71
27,Student_27,Male,Electronics & Communication,Semester 4,54,82,65,67,91
28,Student_28,Male,Information Technology,Semester 3,86,86,80,65,95
29,Student_29,Male,Information Technology,Semester 1,92,77,72,77,83
30,Student_30,Male,Electronics & Communication,Semester 3,91,56,53,75,93
31,Student_31,Male,Electronics & Communication,Semester 1,62,84,78,58,83
32,Student_32,Male,Information Technology,Semester 4,54,78,85,56,71
33,Student_33,Female,Information Technology,Semester 1,55,98,65,60,83
34,Student_34,Male,Computer Science,Semester 2,53,60,74,50,82
35,Student_35,Male,Electronics & Communication,Semester 2,77,94,96,100,87
36,Student_36,Female,Information Technology,Semester 1,63,53,87,97,87
37,Student_37,Male,Computer Science,Semester 1,80,82,83,60,71
38,Student_38,Female,Computer Science,Semester 1,88,54,93,65,82
39,Student_39,Male,Electronics & Communication,Semester 1,88,52,89,55,83
40,Student_40,Female,Information Technology,Semester 2,66,63,92,95,80
41,Student_41,Male,Computer Science,Semester 3,69,79,70,98,99
42,Student_42,Male,Information Technology,Semester 4,56,54,84,63,86
43,Student_43,Male,Electronics & Communication,Semester 4,65,73,68,60,84
44,Student_44,Female,Electronics & Communication,Semester 3,91,83,50,92,96
45,Student_45,Female,Electronics & Communication,Semester 1,58,66,57,56,93
46,Student_46,Female,Computer Science,Semester 3,95,71,63,93,90
47,Student_47,Female,Information Technology,Semester 2,53,55,90,77,96
48,Student_48,Male,Computer Science,Semester 4,90,66,60,97,84
49,Student_49,Female,Information Technology,Semester 1,54,94,59,84,71
50,Student_50,Female,Information Technology,Semester 1,58,52,69,73,98
51,Student_51,Female,Electronics & Communication,Semester 1,72,63,93,65,91
52,Student_52,Male,Electronics & Communication,Semester 4,76,89,97,59,99
53,Student_53,Female,Electronics & Communication,Semester 4,61,76,51,61,93
54,Student_54,Female,Electronics & Communication,Semester 2,92,97,65,67,75
55,Student_55,Female,Computer Science,Semester 4,80,64,62,79,81
56,Student_56,Male,Electronics & Communication,Semester 1,51,92,62,75,80
57,Student_57,Male,Computer Science,Semester 4,72,91,82,75,91
58,Student_58,Female,Information Technology,Semester 4,57,66,61,87,100
59,Student_59,Female,Computer Science,Semester 3,72,96,100,70,83
60,Student_60,Female,Information Technology,Semester 2,86,62,66,52,92
61,Student_61,Male,Information Technology,Semester 4,93,96,97,97,91
62,Student_62,Male,Information Technology,Semester 4,71,89,70,92,97
63,Student_63,Male,Electronics & Communication,Semester 3,92,76,70,75,92
64,Student_64,Male,Computer Science,Semester 2,74,93,97,61,89
65,Student_65,Female,Information Technology,Semester 4,69,68,63,77,95
66,Student_66,Female,Information Technology,Semester 2,78,93,63,82,85
67,Student_67,Female,Electronics & Communication,Semester 3,92,55,68,82,91
68,Student_68,Female,Computer Science,Semester 4,98,65,93,69,77
69,Student_69,Female,Computer Science,Semester 1,80,89,99,54,84
70,Student_70,Male,Information Technology,Semester 1,94,74,81,75,77
71,Student_71,Male,Information Technology,Semester 4,99,56,99,77,77
72,Student_72,Male,Electronics & Communication,Semester 3,53,85,65,57,84
73,Student_73,Male,Information Technology,Semester 3,85,88,70,98,98
74,Student_74,Male,Electronics & Communication,Semester 4,77,85,78,60,93
75,Student_75,Female,Information Technology,Semester 4,90,67,99,99,86
76,Student_76,Male,Computer Science,Semester 2,95,68,65,67,80
77,Student_77,Male,Information Technology,Semester 1,64,74,94,59,92
78,Student_78,Male,Information Technology,Semester 2,79,76,53,63,96
79,Student_79,Male,Electronics & Communication,Semester 3,94,51,98,86,82
80,Student_80,Male,Electronics & Communication,Semester 2,74,76,84,97,93
81,Student_81,Female,Information Technology,Semester 1,64,67,77,81,70
82,Student_82,Male,Information Technology,Semester 4,96,60,79,58,89
83,Student_83,Female,Electronics & Communication,Semester 3,92,51,55,91,83
84,Student_84,Male,Information Technology,Semester 1,74,70,63,79,80
85,Student_85,Male,Electronics & Communication,Semester 2,76,66,55,80,70
86,Student_86,Female,Computer Science,Semester 4,64,91,54,99,100
87,Student_87,Female,Electronics & Communication,Semester 4,62,51,89,59,77
88,Student_88,Male,Information Technology,Semester 3,63,79,94,66,94
89,Student_89,Male,Information Technology,Semester 4,95,57,99,60,100
90,Student_90,Male,Information Technology,Semester 4,86,93,74,75,100
91,Student_91,Female,Computer Science,Semester 3,90,65,56,94,94
92,Student_92,Male,Information Technology,Semester 4,100,86,100,52,81
93,Student_93,Female,Information Technology,Semester 1,91,71,50,76,96
94,Student_94,Male,Information Technology,Semester 2,79,95,59,77,75
95,Student_95,Female,Electronics & Communication,Semester 2,84,99,80,79,83
96,Student_96,Female,Information Technology,Semester 2,65,55,67,78,77
97,Student_97,Female,Information Technology,Semester 3,71,51,81,70,75
98,Student_98,Male,Computer Science,Semester 2,67,88,94,67,87
99,Student_99,Male,Electronics & Communication,Semester 1,96,76,81,85,94
100,Student_100,Male,Information Technology,Semester 3,78,100,51,55,79
101,Student_101,Male,Information Technology,Semester 2,87,73,80,85,86
102,Student_102,Male,Electronics & Communication,Semester 3,72,94,79,67,79
103,Student_103,Male,Computer Science,Semester 1,57,97,84,98,92
104,Student_104,Male,Computer Science,Semester 2,96,87,98,83,89
105,Student_105,Male,Computer Science,Semester 1,64,73,61,69,70
106,Student_106,Female,Computer Science,Semester 1,53,85,68,94,100
107,Student_107,Male,Electronics & Communication,Semester 2,50,86,68,80,85
108,Student_108,Male,Computer Science,Semester 1,80,57,54,75,85
109,Student_109,Male,Information Technology,Semester 1,59,86,69,55,77
110,Student_110,Male,Electronics & Communication,Semester 3,100,89,64,99,86
111,Student_111,Male,Electronics & Communication,Semester 2,87,77,69,86,89
112,Student_112,Male,Electronics & Communication,Semester 1,98,63,90,63,78
113,Student_113,Female,Computer Science,Semester 1,54,60,50,76,84
114,Student_114,Female,Information Technology,Semester 1,68,95,68,94,97
115,Student_115,Male,Information Technology,Semester 4,100,100,90,87,91
116,Student_116,Female,Computer Science,Semester 1,64,91,59,67,96
117,Student_117,Male,Computer Science,Semester 4,88,97,86,68,84
118,Student_118,Male,Information Technology,Semester 3,67,82,84,81,84
119,Student_119,Male,Computer Science,Semester 2,70,88,66,51,72
120,Student_120,Male,Information Technology,Semester 4,87,51,98,93,96
121,Student_121,Male,Computer Science,Semester 4,80,83,91,78,99
122,Student_122,Male,Electronics & Communication,Semester 2,81,55,80,72,83
123,Student_123,Male,Information Technology,Semester 4,71,76,94,81,79
124,Student_124,Female,Information Technology,Semester 4,52,79,55,70,78
125,Student_125,Male,Electronics & Communication,Semester 2,82,50,92,84,84
126,Student_126,Male,Computer Science,Semester 2,98,81,90,78,94
127,Student_127,Male,Computer Science,Semester 1,68,78,94,81,73
128,Student_128,Male,Information Technology,Semester 4,95,60,69,85,70
129,Student_129,Female,Computer Science,Semester 4,57,79,57,91,96
130,Student_130,Male,Electronics & Communication,Semester 2,95,67,76,80,85
131,Student_131,Male,Information Technology,Semester 2,88,82,97,58,97
132,Student_132,Male,Electronics & Communication,Semester 4,71,100,82,67,96
133,Student_133,Male,Electronics & Communication,Semester 4,87,92,81,59,84
134,Student_134,Female,Computer Science,Semester 3,84,74,79,70,97
135,Student_135,Male,Information Technology,Semester 3,64,99,76,52,80
136,Student_136,Female,Electronics & Communication,Semester 4,74,92,100,91,74
137,Student_137,Male,Computer Science,Semester 3,87,71,56,78,73
138,Student_138,Female,Information Technology,Semester 3,76,91,59,54,85
139,Student_139,Female,Computer Science,Semester 3,75,91,55,71,97
140,Student_140,Female,Information Technology,Semester 4,90,95,98,81,97
141,Student_141,Female,Information Technology,Semester 1,93,68,64,97,72
142,Student_142,Male,Computer Science,Semester 3,56,78,60,94,79
143,Student_143,Female,Computer Science,Semester 4,68,72,73,77,74
144,Student_144,Male,Information Technology,Semester 3,61,60,61,55,89
145,Student_145,Female,Information Technology,Semester 1,87,59,64,79,90
146,Student_146,Male,Computer Science,Semester 1,79,68,93,84,75
147,Student_147,Male,Electronics & Communication,Semester 4,69,90,77,94,78
148,Student_148,Male,Computer Science,Semester 4,80,56,65,74,88
149,Student_149,Male,Computer Science,Semester 3,51,92,75,67,70
150,Student_150,Female,Information Technology,Semester 3,53,88,97,81,96
151,Student_151,Female,Computer Science,Semester 4,88,72,64,90,76
152,Student_152,Female,Information Technology,Semester 3,92,93,58,90,73
153,Student_153,Female,Information Technology,Semester 2,78,52,87,73,93
154,Student_154,Male,Electronics & Communication,Semester 2,76,61,62,58,95
155,Student_155,Female,Electronics & Communication,Semester 3,67,60,66,80,100
156,Student_156,Female,Electronics & Communication,Semester 2,57,79,54,59,94
157,Student_157,Female,Electronics & Communication,Semester 3,75,85,73,55,95
158,Student_158,Male,Computer Science,Semester 1,73,93,97,93,78
159,Student_159,Female,Electronics & Communication,Semester 4,56,93,64,80,70
160,Student_160,Female,Electronics & Communication,Semester 2,89,64,91,54,90
161,Student_161,Female,Electronics & Communication,Semester 2,76,57,58,52,100
162,Student_162,Male,Electronics & Communication,Semester 1,65,84,58,74,84
163,Student_163,Male,Electronics & Communication,Semester 3,84,76,87,97,93
164,Student_164,Male,Information Technology,Semester 1,81,89,76,67,71
165,Student_165,Female,Computer Science,Semester 2,65,73,56,93,81
166,Student_166,Female,Electronics & Communication,Semester 2,75,67,62,57,100
167,Student_167,Female,Information Technology,Semester 3,91,90,88,51,71
168,Student_168,Female,Computer Science,Semester 1,86,63,54,98,87
169,Student_169,Male,Computer Science,Semester 4,71,99,59,100,98
170,Student_170,Female,Computer Science,Semester 4,58,84,66,61,73
171,Student_171,Female,Computer Science,Semester 1,100,100,65,87,80
172,Student_172,Male,Computer Science,Semester 1,76,83,57,97,72
173,Student_173,Male,Electronics & Communication,Semester 3,56,78,82,64,100
174,Student_174,Female,Electronics & Communication,Semester 4,92,83,69,79,90
175,Student_175,Female,Computer Science,Semester 2,75,77,93,56,85
176,Student_176,Female,Information Technology,Semester 4,70,88,59,54,74
177,Student_177,Male,Information Technology,Semester 3,70,74,88,83,79
178,Student_178,Male,Information Technology,Semester 1,94,57,91,91,98
179,Student_179,Female,Electronics & Communication,Semester 1,78,64,76,71,96
180,Student_180,Male,Information Technology,Semester 1,77,70,92,66,81
181,Student_181,Female,Information Technology,Semester 2,55,55,55,77,73
182,Student_182,Female,Computer Science,Semester 1,53,87,85,85,80
183,Student_183,Female,Information Technology,Semester 4,98,77,96,53,100
184,Student_184,Male,Computer Science,Semester 1,82,63,59,92,85
185,Student_185,Male,Computer Science,Semester 4,73,57,98,67,88
186,Student_186,Male,Information Technology,Semester 3,99,89,89,93,90
187,Student_187,Female,Information Technology,Semester 3,94,67,51,61,78
188,Student_188,Female,Computer Science,Semester 2,50,61,59,86,91
189,Student_189,Male,Computer Science,Semester 3,51,55,97,83,76
190,Student_190,Male,Information Technology,Semester 1,69,96,70,99,100
191,Student_191,Female,Computer Science,Semester 1,60,98,89,53,91
192,Student_192,Male,Information Technology,Semester 2,88,78,76,67,76
193,Student_193,Female,Computer Science,Semester 2,68,93,93,87,85
194,Student_194,Female,Computer Science,Semester 1,88,53,50,63,79
195,Student_195,Female,Electronics & Communication,Semester 4,68,70,57,50,85
196,Student_196,Female,Computer Science,Semester 2,95,64,82,85,96
197,Student_197,Female,Computer Science,Semester 2,97,52,77,51,84
198,Student_198,Female,Electronics & Communication,Semester 3,86,75,95,90,83
199,Student_199,Male,Information Technology,Semester 4,60,89,79,94,99
200,Student_200,Male,Information Technology,Semester 1,77,87,75,83,72
201,Student_201,Male,Computer Science,Semester 2,71,99,60,54,86
202,Student_202,Female,Information Technology,Semester 1,99,72,72,96,100
203,Student_203,Female,Electronics & Communication,Semester 1,59,66,62,61,89
204,Student_204,Male,Electronics & Communication,Semester 1,99,90,81,79,94
205,Student_205,Female,Information Technology,Semester 3,86,91,90,89,80
206,Student_206,Female,Information Technology,Semester 1,54,80,78,90,79
207,Student_207,Female,Information Technology,Semester 2,54,69,79,78,71
208,Student_208,Male,Electronics & Communication,Semester 1,55,89,88,82,82
209,Student_209,Male,Information Technology,Semester 4,52,78,86,91,76
210,Student_210,Male,Information Technology,Semester 1,53,78,56,71,92
211,Student_211,Male,Information Technology,Semester 1,95,78,78,83,86
212,Student_212,Female,Computer Science,Semester 4,74,76,99,71,91
213,Student_213,Female,Electronics & Communication,Semester 3,54,71,56,85,91
214,Student_214,Male,Computer Science,Semester 4,88,59,71,55,88
215,Student_215,Female,Electronics & Communication,Semester 2,91,94,92,75,74
216,Student_216,Female,Electronics & Communication,Semester 2,74,91,100,71,96
217,Student_217,Male,Electronics & Communication,Semester 4,93,83,55,91,91
218,Student_218,Male,Computer Science,Semester 2,61,63,71,99,85
219,Student_219,Male,Electronics & Communication,Semester 1,68,100,56,82,94
220,Student_220,Female,Electronics & Communication,Semester 3,92,71,99,89,74
221,Student_221,Female,Computer Science,Semester 1,94,99,89,60,93
222,Student_222,Male,Information Technology,Semester 3,65,78,89,68,94
223,Student_223,Female,Information Technology,Semester 3,69,100,80,62,81
224,Student_224,Female,Information Technology,Semester 2,99,68,99,74,86
225,Student_225,Female,Electronics & Communication,Semester 4,88,58,66,53,90
226,Student_226,Male,Computer Science,Semester 4,95,83,57,68,72
227,Student_227,Female,Computer Science,Semester 4,59,77,55,64,96
228,Student_228,Male,Computer Science,Semester 1,53,75,82,73,77
229,Student_229,Male,Computer Science,Semester 1,70,56,95,91,80
230,Student_230,Female,Computer Science,Semester 2,80,94,58,98,92
231,Student_231,Male,Information Technology,Semester 4,51,66,63,59,87
232,Student_232,Female,Information Technology,Semester 2,99,68,65,69,73
233,Student_233,Male,Information Technology,Semester 4,79,54,57,81,89
234,Student_234,Female,Information Technology,Semester 3,95,59,68,77,70
235,Student_235,Female,Computer Science,Semester 2,92,92,55,83,81
236,Student_236,Male,Information Technology,Semester 3,82,85,51,74,97
237,Student_237,Male,Information Technology,Semester 4,66,97,51,72,95
238,Student_238,Male,Computer Science,Semester 3,56,99,87,97,94
239,Student_239,Male,Computer Science,Semester 3,91,61,99,93,84
240,Student_240,Female,Information Technology,Semester 1,58,54,95,99,100
241,Student_241,Male,Computer Science,Semester 1,62,52,70,69,86
242,Student_242,Male,Electronics & Communication,Semester 2,52,98,91,62,79
243,Student_243,Male,Electronics & Communication,Semester 4,71,67,57,73,83
244,Student_244,Female,Electronics & Communication,Semester 4,74,71,61,81,92
245,Student_245,Male,Electronics & Communication,Semester 3,55,96,77,55,83
246,Student_246,Female,Electronics & Communication,Semester 3,70,56,55,70,91
247,Student_247,Male,Information Technology,Semester 3,60,94,78,72,84
248,Student_248,Male,Electronics & Communication,Semester 2,77,67,90,100,100
249,Student_249,Male,Information Technology,Semester 2,82,97,93,60,100
250,Student_250,Male,Electronics & Communication,Semester 3,78,52,58,54,77
251,Student_251,Female,Computer Science,Semester 2,86,52,88,59,91
252,Student_252,Male,Computer Science,Semester 2,54,86,58,83,81
253,Student_253,Male,Information Technology,Semester 1,57,51,97,61,85
254,Student_254,Male,Electronics & Communication,Semester 1,99,66,95,78,76
255,Student_255,Female,Computer Science,Semester 4,81,62,57,58,97
256,Student_256,Male,Computer Science,Semester 3,55,93,70,92,81
257,Student_257,Female,Information Technology,Semester 2,69,60,95,95,99
258,Student_258,Female,Computer Science,Semester 2,64,57,62,100,74
259,Student_259,Male,Information Technology,Semester 2,86,73,79,85,74
260,Student_260,Female,Computer Science,Semester 2,95,96,80,83,83
261,Student_261,Female,Electronics & Communication,Semester 1,70,91,54,78,84
262,Student_262,Female,Computer Science,Semester 4,99,85,90,87,75
263,Student_263,Female,Computer Science,Semester 3,53,57,83,59,79
264,Student_264,Male,Computer Science,Semester 3,72,83,68,55,78
265,Student_265,Male,Electronics & Communication,Semester 2,90,69,89,84,72
266,Student_266,Male,Computer Science,Semester 4,59,60,92,89,93
267,Student_267,Female,Computer Science,Semester 4,52,51,55,52,100
268,Student_268,Female,Information Technology,Semester 3,99,86,76,89,90
269,Student_269,Male,Electronics & Communication,Semester 3,91,69,80,65,95
270,Student_270,Female,Information Technology,Semester 2,94,53,60,78,83
271,Student_271,Male,Computer Science,Semester 3,70,95,70,96,97
272,Student_272,Male,Computer Science,Semester 4,82,85,56,70,77
273,Student_273,Male,Computer Science,Semester 1,56,53,68,74,97
274,Student_274,Female,Computer Science,Semester 4,60,70,86,96,80
275,Student_275,Male,Computer Science,Semester 4,79,81,69,81,70
276,Student_276,Male,Computer Science,Semester 2,65,63,87,72,71
277,Student_277,Male,Information Technology,Semester 4,91,93,80,68,87
278,Student_278,Male,Computer Science,Semester 1,66,96,73,98,82
279,Student_279,Male,Information Technology,Semester 3,62,73,85,68,72
280,Student_280,Male,Information Technology,Semester 3,89,93,89,57,74
281,Student_281,Female,Computer Science,Semester 4,71,85,73,98,74
282,Student_282,Male,Information Technology,Semester 3,52,52,58,95,80
283,Student_283,Female,Information Technology,Semester 1,82,58,70,89,80
284,Student_284,Male,Electronics & Communication,Semester 3,69,87,71,82,96
285,Student_285,Male,Information Technology,Semester 3,80,51,73,71,91
286,Student_286,Male,Information Technology,Semester 2,96,94,90,51,89
287,Student_287,Male,Electronics & Communication,Semester 4,99,87,86,64,93
288,Student_288,Male,Information Technology,Semester 3,96,89,99,74,74
289,Student_289,Female,Computer Science,Semester 3,94,57,62,51,84
290,Student_290,Male,Computer Science,Semester 3,76,82,99,89,99
291,Student_291,Male,Electronics & Communication,Semester 3,95,58,83,63,87
292,Student_292,Male,Information Technology,Semester 3,70,61,79,84,80
293,Student_293,Female,Information Technology,Semester 4,93,91,94,66,89
294,Student_294,Male,Electronics & Communication,Semester 2,69,64,69,99,79
295,Student_295,Female,Information Technology,Semester 2,80,72,85,100,93
296,Student_296,Male,Computer Science,Semester 3,74,75,72,99,95
297,Student_297,Male,Computer Science,Semester 4,55,72,78,91,78
298,Student_298,Female,Computer Science,Semester 4,67,85,94,67,74
299,Student_299,Male,Electronics & Communication,Semester 1,53,92,83,64,90
